[{
  "sub_category": "Caps",
  "total_order_quantity": "2772",
  "Tahun": "2014",
  "Bulan": "January",
  "bulan_1": "1"
}, {
  "sub_category": "Cleaners",
  "total_order_quantity": "1226",
  "Tahun": "2014",
  "Bulan": "January",
  "bulan_1": "1"
}, {
  "sub_category": "Tires and Tubes",
  "total_order_quantity": "21758",
  "Tahun": "2014",
  "Bulan": "January",
  "bulan_1": "1"
}, {
  "sub_category": "Vests",
  "total_order_quantity": "740",
  "Tahun": "2014",
  "Bulan": "January",
  "bulan_1": "1"
}, {
  "sub_category": "Socks",
  "total_order_quantity": "917",
  "Tahun": "2014",
  "Bulan": "January",
  "bulan_1": "1"
}, {
  "sub_category": "Bottles and Cages",
  "total_order_quantity": "9895",
  "Tahun": "2014",
  "Bulan": "January",
  "bulan_1": "1"
}, {
  "sub_category": "Road Bikes",
  "total_order_quantity": "137",
  "Tahun": "2014",
  "Bulan": "January",
  "bulan_1": "1"
}, {
  "sub_category": "Bike Racks",
  "total_order_quantity": "77",
  "Tahun": "2014",
  "Bulan": "January",
  "bulan_1": "1"
}, {
  "sub_category": "Fenders",
  "total_order_quantity": "2665",
  "Tahun": "2014",
  "Bulan": "January",
  "bulan_1": "1"
}, {
  "sub_category": "Gloves",
  "total_order_quantity": "1626",
  "Tahun": "2014",
  "Bulan": "January",
  "bulan_1": "1"
}, {
  "sub_category": "Helmets",
  "total_order_quantity": "6787",
  "Tahun": "2014",
  "Bulan": "January",
  "bulan_1": "1"
}, {
  "sub_category": "Touring Bikes",
  "total_order_quantity": "86",
  "Tahun": "2014",
  "Bulan": "January",
  "bulan_1": "1"
}, {
  "sub_category": "Bike Stands",
  "total_order_quantity": "75",
  "Tahun": "2014",
  "Bulan": "January",
  "bulan_1": "1"
}, {
  "sub_category": "Mountain Bikes",
  "total_order_quantity": "95",
  "Tahun": "2014",
  "Bulan": "January",
  "bulan_1": "1"
}, {
  "sub_category": "Hydration Packs",
  "total_order_quantity": "700",
  "Tahun": "2014",
  "Bulan": "January",
  "bulan_1": "1"
}, {
  "sub_category": "Jerseys",
  "total_order_quantity": "3683",
  "Tahun": "2014",
  "Bulan": "January",
  "bulan_1": "1"
}, {
  "sub_category": "Shorts",
  "total_order_quantity": "905",
  "Tahun": "2014",
  "Bulan": "January",
  "bulan_1": "1"
}, {
  "sub_category": "Caps",
  "total_order_quantity": "2790",
  "Tahun": "2014",
  "Bulan": "February",
  "bulan_1": "2"
}, {
  "sub_category": "Tires and Tubes",
  "total_order_quantity": "20084",
  "Tahun": "2014",
  "Bulan": "February",
  "bulan_1": "2"
}, {
  "sub_category": "Vests",
  "total_order_quantity": "472",
  "Tahun": "2014",
  "Bulan": "February",
  "bulan_1": "2"
}, {
  "sub_category": "Socks",
  "total_order_quantity": "638",
  "Tahun": "2014",
  "Bulan": "February",
  "bulan_1": "2"
}, {
  "sub_category": "Bottles and Cages",
  "total_order_quantity": "10236",
  "Tahun": "2014",
  "Bulan": "February",
  "bulan_1": "2"
}, {
  "sub_category": "Road Bikes",
  "total_order_quantity": "162",
  "Tahun": "2014",
  "Bulan": "February",
  "bulan_1": "2"
}, {
  "sub_category": "Bike Racks",
  "total_order_quantity": "89",
  "Tahun": "2014",
  "Bulan": "February",
  "bulan_1": "2"
}, {
  "sub_category": "Cleaners",
  "total_order_quantity": "1224",
  "Tahun": "2014",
  "Bulan": "February",
  "bulan_1": "2"
}, {
  "sub_category": "Fenders",
  "total_order_quantity": "2253",
  "Tahun": "2014",
  "Bulan": "February",
  "bulan_1": "2"
}, {
  "sub_category": "Gloves",
  "total_order_quantity": "1570",
  "Tahun": "2014",
  "Bulan": "February",
  "bulan_1": "2"
}, {
  "sub_category": "Helmets",
  "total_order_quantity": "7084",
  "Tahun": "2014",
  "Bulan": "February",
  "bulan_1": "2"
}, {
  "sub_category": "Touring Bikes",
  "total_order_quantity": "77",
  "Tahun": "2014",
  "Bulan": "February",
  "bulan_1": "2"
}, {
  "sub_category": "Bike Stands",
  "total_order_quantity": "74",
  "Tahun": "2014",
  "Bulan": "February",
  "bulan_1": "2"
}, {
  "sub_category": "Mountain Bikes",
  "total_order_quantity": "108",
  "Tahun": "2014",
  "Bulan": "February",
  "bulan_1": "2"
}, {
  "sub_category": "Hydration Packs",
  "total_order_quantity": "813",
  "Tahun": "2014",
  "Bulan": "February",
  "bulan_1": "2"
}, {
  "sub_category": "Jerseys",
  "total_order_quantity": "3258",
  "Tahun": "2014",
  "Bulan": "February",
  "bulan_1": "2"
}, {
  "sub_category": "Shorts",
  "total_order_quantity": "665",
  "Tahun": "2014",
  "Bulan": "February",
  "bulan_1": "2"
}, {
  "sub_category": "Caps",
  "total_order_quantity": "2968",
  "Tahun": "2014",
  "Bulan": "March",
  "bulan_1": "3"
}, {
  "sub_category": "Tires and Tubes",
  "total_order_quantity": "20312",
  "Tahun": "2014",
  "Bulan": "March",
  "bulan_1": "3"
}, {
  "sub_category": "Vests",
  "total_order_quantity": "606",
  "Tahun": "2014",
  "Bulan": "March",
  "bulan_1": "3"
}, {
  "sub_category": "Socks",
  "total_order_quantity": "681",
  "Tahun": "2014",
  "Bulan": "March",
  "bulan_1": "3"
}, {
  "sub_category": "Bottles and Cages",
  "total_order_quantity": "11301",
  "Tahun": "2014",
  "Bulan": "March",
  "bulan_1": "3"
}, {
  "sub_category": "Road Bikes",
  "total_order_quantity": "175",
  "Tahun": "2014",
  "Bulan": "March",
  "bulan_1": "3"
}, {
  "sub_category": "Bike Racks",
  "total_order_quantity": "137",
  "Tahun": "2014",
  "Bulan": "March",
  "bulan_1": "3"
}, {
  "sub_category": "Cleaners",
  "total_order_quantity": "900",
  "Tahun": "2014",
  "Bulan": "March",
  "bulan_1": "3"
}, {
  "sub_category": "Fenders",
  "total_order_quantity": "2543",
  "Tahun": "2014",
  "Bulan": "March",
  "bulan_1": "3"
}, {
  "sub_category": "Gloves",
  "total_order_quantity": "1446",
  "Tahun": "2014",
  "Bulan": "March",
  "bulan_1": "3"
}, {
  "sub_category": "Helmets",
  "total_order_quantity": "7716",
  "Tahun": "2014",
  "Bulan": "March",
  "bulan_1": "3"
}, {
  "sub_category": "Touring Bikes",
  "total_order_quantity": "70",
  "Tahun": "2014",
  "Bulan": "March",
  "bulan_1": "3"
}, {
  "sub_category": "Bike Stands",
  "total_order_quantity": "71",
  "Tahun": "2014",
  "Bulan": "March",
  "bulan_1": "3"
}, {
  "sub_category": "Mountain Bikes",
  "total_order_quantity": "119",
  "Tahun": "2014",
  "Bulan": "March",
  "bulan_1": "3"
}, {
  "sub_category": "Hydration Packs",
  "total_order_quantity": "1016",
  "Tahun": "2014",
  "Bulan": "March",
  "bulan_1": "3"
}, {
  "sub_category": "Jerseys",
  "total_order_quantity": "3627",
  "Tahun": "2014",
  "Bulan": "March",
  "bulan_1": "3"
}, {
  "sub_category": "Shorts",
  "total_order_quantity": "777",
  "Tahun": "2014",
  "Bulan": "March",
  "bulan_1": "3"
}, {
  "sub_category": "Caps",
  "total_order_quantity": "3001",
  "Tahun": "2014",
  "Bulan": "April",
  "bulan_1": "4"
}, {
  "sub_category": "Tires and Tubes",
  "total_order_quantity": "22641",
  "Tahun": "2014",
  "Bulan": "April",
  "bulan_1": "4"
}, {
  "sub_category": "Vests",
  "total_order_quantity": "755",
  "Tahun": "2014",
  "Bulan": "April",
  "bulan_1": "4"
}, {
  "sub_category": "Socks",
  "total_order_quantity": "791",
  "Tahun": "2014",
  "Bulan": "April",
  "bulan_1": "4"
}, {
  "sub_category": "Bottles and Cages",
  "total_order_quantity": "11472",
  "Tahun": "2014",
  "Bulan": "April",
  "bulan_1": "4"
}, {
  "sub_category": "Road Bikes",
  "total_order_quantity": "185",
  "Tahun": "2014",
  "Bulan": "April",
  "bulan_1": "4"
}, {
  "sub_category": "Bike Racks",
  "total_order_quantity": "89",
  "Tahun": "2014",
  "Bulan": "April",
  "bulan_1": "4"
}, {
  "sub_category": "Cleaners",
  "total_order_quantity": "1112",
  "Tahun": "2014",
  "Bulan": "April",
  "bulan_1": "4"
}, {
  "sub_category": "Fenders",
  "total_order_quantity": "2374",
  "Tahun": "2014",
  "Bulan": "April",
  "bulan_1": "4"
}, {
  "sub_category": "Gloves",
  "total_order_quantity": "1891",
  "Tahun": "2014",
  "Bulan": "April",
  "bulan_1": "4"
}, {
  "sub_category": "Helmets",
  "total_order_quantity": "8322",
  "Tahun": "2014",
  "Bulan": "April",
  "bulan_1": "4"
}, {
  "sub_category": "Touring Bikes",
  "total_order_quantity": "88",
  "Tahun": "2014",
  "Bulan": "April",
  "bulan_1": "4"
}, {
  "sub_category": "Bike Stands",
  "total_order_quantity": "138",
  "Tahun": "2014",
  "Bulan": "April",
  "bulan_1": "4"
}, {
  "sub_category": "Mountain Bikes",
  "total_order_quantity": "117",
  "Tahun": "2014",
  "Bulan": "April",
  "bulan_1": "4"
}, {
  "sub_category": "Hydration Packs",
  "total_order_quantity": "554",
  "Tahun": "2014",
  "Bulan": "April",
  "bulan_1": "4"
}, {
  "sub_category": "Jerseys",
  "total_order_quantity": "3587",
  "Tahun": "2014",
  "Bulan": "April",
  "bulan_1": "4"
}, {
  "sub_category": "Shorts",
  "total_order_quantity": "921",
  "Tahun": "2014",
  "Bulan": "April",
  "bulan_1": "4"
}, {
  "sub_category": "Caps",
  "total_order_quantity": "3159",
  "Tahun": "2014",
  "Bulan": "May",
  "bulan_1": "5"
}, {
  "sub_category": "Tires and Tubes",
  "total_order_quantity": "22881",
  "Tahun": "2014",
  "Bulan": "May",
  "bulan_1": "5"
}, {
  "sub_category": "Vests",
  "total_order_quantity": "542",
  "Tahun": "2014",
  "Bulan": "May",
  "bulan_1": "5"
}, {
  "sub_category": "Socks",
  "total_order_quantity": "898",
  "Tahun": "2014",
  "Bulan": "May",
  "bulan_1": "5"
}, {
  "sub_category": "Bottles and Cages",
  "total_order_quantity": "11752",
  "Tahun": "2014",
  "Bulan": "May",
  "bulan_1": "5"
}, {
  "sub_category": "Road Bikes",
  "total_order_quantity": "223",
  "Tahun": "2014",
  "Bulan": "May",
  "bulan_1": "5"
}, {
  "sub_category": "Bike Racks",
  "total_order_quantity": "236",
  "Tahun": "2014",
  "Bulan": "May",
  "bulan_1": "5"
}, {
  "sub_category": "Cleaners",
  "total_order_quantity": "1400",
  "Tahun": "2014",
  "Bulan": "May",
  "bulan_1": "5"
}, {
  "sub_category": "Fenders",
  "total_order_quantity": "2954",
  "Tahun": "2014",
  "Bulan": "May",
  "bulan_1": "5"
}, {
  "sub_category": "Gloves",
  "total_order_quantity": "2047",
  "Tahun": "2014",
  "Bulan": "May",
  "bulan_1": "5"
}, {
  "sub_category": "Helmets",
  "total_order_quantity": "9148",
  "Tahun": "2014",
  "Bulan": "May",
  "bulan_1": "5"
}, {
  "sub_category": "Touring Bikes",
  "total_order_quantity": "108",
  "Tahun": "2014",
  "Bulan": "May",
  "bulan_1": "5"
}, {
  "sub_category": "Bike Stands",
  "total_order_quantity": "113",
  "Tahun": "2014",
  "Bulan": "May",
  "bulan_1": "5"
}, {
  "sub_category": "Mountain Bikes",
  "total_order_quantity": "167",
  "Tahun": "2014",
  "Bulan": "May",
  "bulan_1": "5"
}, {
  "sub_category": "Hydration Packs",
  "total_order_quantity": "945",
  "Tahun": "2014",
  "Bulan": "May",
  "bulan_1": "5"
}, {
  "sub_category": "Jerseys",
  "total_order_quantity": "3763",
  "Tahun": "2014",
  "Bulan": "May",
  "bulan_1": "5"
}, {
  "sub_category": "Shorts",
  "total_order_quantity": "924",
  "Tahun": "2014",
  "Bulan": "May",
  "bulan_1": "5"
}, {
  "sub_category": "Caps",
  "total_order_quantity": "3696",
  "Tahun": "2014",
  "Bulan": "June",
  "bulan_1": "6"
}, {
  "sub_category": "Tires and Tubes",
  "total_order_quantity": "22485",
  "Tahun": "2014",
  "Bulan": "June",
  "bulan_1": "6"
}, {
  "sub_category": "Vests",
  "total_order_quantity": "508",
  "Tahun": "2014",
  "Bulan": "June",
  "bulan_1": "6"
}, {
  "sub_category": "Socks",
  "total_order_quantity": "776",
  "Tahun": "2014",
  "Bulan": "June",
  "bulan_1": "6"
}, {
  "sub_category": "Bottles and Cages",
  "total_order_quantity": "12416",
  "Tahun": "2014",
  "Bulan": "June",
  "bulan_1": "6"
}, {
  "sub_category": "Road Bikes",
  "total_order_quantity": "195",
  "Tahun": "2014",
  "Bulan": "June",
  "bulan_1": "6"
}, {
  "sub_category": "Bike Racks",
  "total_order_quantity": "110",
  "Tahun": "2014",
  "Bulan": "June",
  "bulan_1": "6"
}, {
  "sub_category": "Cleaners",
  "total_order_quantity": "1565",
  "Tahun": "2014",
  "Bulan": "June",
  "bulan_1": "6"
}, {
  "sub_category": "Fenders",
  "total_order_quantity": "3130",
  "Tahun": "2014",
  "Bulan": "June",
  "bulan_1": "6"
}, {
  "sub_category": "Gloves",
  "total_order_quantity": "2046",
  "Tahun": "2014",
  "Bulan": "June",
  "bulan_1": "6"
}, {
  "sub_category": "Helmets",
  "total_order_quantity": "8970",
  "Tahun": "2014",
  "Bulan": "June",
  "bulan_1": "6"
}, {
  "sub_category": "Touring Bikes",
  "total_order_quantity": "100",
  "Tahun": "2014",
  "Bulan": "June",
  "bulan_1": "6"
}, {
  "sub_category": "Bike Stands",
  "total_order_quantity": "69",
  "Tahun": "2014",
  "Bulan": "June",
  "bulan_1": "6"
}, {
  "sub_category": "Mountain Bikes",
  "total_order_quantity": "171",
  "Tahun": "2014",
  "Bulan": "June",
  "bulan_1": "6"
}, {
  "sub_category": "Hydration Packs",
  "total_order_quantity": "947",
  "Tahun": "2014",
  "Bulan": "June",
  "bulan_1": "6"
}, {
  "sub_category": "Jerseys",
  "total_order_quantity": "4522",
  "Tahun": "2014",
  "Bulan": "June",
  "bulan_1": "6"
}, {
  "sub_category": "Shorts",
  "total_order_quantity": "1005",
  "Tahun": "2014",
  "Bulan": "June",
  "bulan_1": "6"
}, {
  "sub_category": "Caps",
  "total_order_quantity": "1414",
  "Tahun": "2014",
  "Bulan": "July",
  "bulan_1": "7"
}, {
  "sub_category": "Tires and Tubes",
  "total_order_quantity": "15019",
  "Tahun": "2014",
  "Bulan": "July",
  "bulan_1": "7"
}, {
  "sub_category": "Vests",
  "total_order_quantity": "338",
  "Tahun": "2014",
  "Bulan": "July",
  "bulan_1": "7"
}, {
  "sub_category": "Socks",
  "total_order_quantity": "431",
  "Tahun": "2014",
  "Bulan": "July",
  "bulan_1": "7"
}, {
  "sub_category": "Bottles and Cages",
  "total_order_quantity": "3860",
  "Tahun": "2014",
  "Bulan": "July",
  "bulan_1": "7"
}, {
  "sub_category": "Bike Racks",
  "total_order_quantity": "67",
  "Tahun": "2014",
  "Bulan": "July",
  "bulan_1": "7"
}, {
  "sub_category": "Cleaners",
  "total_order_quantity": "614",
  "Tahun": "2014",
  "Bulan": "July",
  "bulan_1": "7"
}, {
  "sub_category": "Fenders",
  "total_order_quantity": "1429",
  "Tahun": "2014",
  "Bulan": "July",
  "bulan_1": "7"
}, {
  "sub_category": "Gloves",
  "total_order_quantity": "873",
  "Tahun": "2014",
  "Bulan": "July",
  "bulan_1": "7"
}, {
  "sub_category": "Helmets",
  "total_order_quantity": "3531",
  "Tahun": "2014",
  "Bulan": "July",
  "bulan_1": "7"
}, {
  "sub_category": "Bike Stands",
  "total_order_quantity": "42",
  "Tahun": "2014",
  "Bulan": "July",
  "bulan_1": "7"
}, {
  "sub_category": "Hydration Packs",
  "total_order_quantity": "339",
  "Tahun": "2014",
  "Bulan": "July",
  "bulan_1": "7"
}, {
  "sub_category": "Jerseys",
  "total_order_quantity": "1720",
  "Tahun": "2014",
  "Bulan": "July",
  "bulan_1": "7"
}, {
  "sub_category": "Shorts",
  "total_order_quantity": "688",
  "Tahun": "2014",
  "Bulan": "July",
  "bulan_1": "7"
}]