[{
  "sub_category": "Tires and Tubes",
  "total_order_quantity": "145180",
  "Tahun": "2014"
}, {
  "sub_category": "Bottles and Cages",
  "total_order_quantity": "70932",
  "Tahun": "2014"
}, {
  "sub_category": "Helmets",
  "total_order_quantity": "51558",
  "Tahun": "2014"
}, {
  "sub_category": "Jerseys",
  "total_order_quantity": "24160",
  "Tahun": "2014"
}, {
  "sub_category": "Caps",
  "total_order_quantity": "19800",
  "Tahun": "2014"
}, {
  "sub_category": "Fenders",
  "total_order_quantity": "17348",
  "Tahun": "2014"
}, {
  "sub_category": "Gloves",
  "total_order_quantity": "11499",
  "Tahun": "2014"
}, {
  "sub_category": "Cleaners",
  "total_order_quantity": "8041",
  "Tahun": "2014"
}, {
  "sub_category": "Shorts",
  "total_order_quantity": "5885",
  "Tahun": "2014"
}, {
  "sub_category": "Hydration Packs",
  "total_order_quantity": "5314",
  "Tahun": "2014"
}, {
  "sub_category": "Socks",
  "total_order_quantity": "5132",
  "Tahun": "2014"
}, {
  "sub_category": "Vests",
  "total_order_quantity": "3961",
  "Tahun": "2014"
}, {
  "sub_category": "Road Bikes",
  "total_order_quantity": "1077",
  "Tahun": "2014"
}, {
  "sub_category": "Bike Racks",
  "total_order_quantity": "805",
  "Tahun": "2014"
}, {
  "sub_category": "Mountain Bikes",
  "total_order_quantity": "777",
  "Tahun": "2014"
}, {
  "sub_category": "Bike Stands",
  "total_order_quantity": "582",
  "Tahun": "2014"
}, {
  "sub_category": "Touring Bikes",
  "total_order_quantity": "529",
  "Tahun": "2014"
}]