[{
  "total_revenue": "1218909",
  "tahun": "2014",
  "bulan": "January"
},{
  "total_revenue": "1200427",
  "tahun": "2014",
  "bulan": "February"
},{
  "total_revenue": "1307441",
  "tahun": "2014",
  "bulan": "March"
},{
  "total_revenue": "1369162",
  "tahun": "2014",
  "bulan": "April"
},{
  "total_revenue": "1543998",
  "tahun": "2014",
  "bulan": "May"
}, {
  "total_revenue": "1535618",
  "tahun": "2014",
  "bulan": "June"
}, {
  "total_revenue": "503868",
  "tahun": "2014",
  "bulan": "July"
}]